device,conditions,setup,description,clips,listen_s,translate_s,voice_s,total_s,slowest_total_s,startup_s,word_error_rate,rss_mb,cpu_start_c,throttle_flags,source
Pi 4,original run,A,"Gemma per tap, Sunbird VITS per tap",6,78.8,21.3,24.1,121.6,200.5,0,0.09,,55-78,0x0 0x80000 0xe0000,results/pi4-headtohead-2026-10-06/A_20261006_184040.jsonl
Pi 4,original run,B,"Gemma loaded, Sunbird VITS worker",6,43.6,12.4,9.6,65.1,70.8,56,0.09,,72-79,0xe0000,results/pi4-headtohead-2026-10-06/B_20261006_185414.jsonl
Pi 4,original run,C-5s,"Whisper 5 s window + NLLB, Sunbird VITS",6,27.0,15.0,13.5,56.2,335.7,96,1.03,,64-72,0xe0000,results/pi4-headtohead-2026-10-06/C-5s_20261006_190323.jsonl
Pi 4,original run,C-tuned,"Whisper 6 s window + options, NLLB, Sunbird VITS",6,19.8,11.6,10.1,42.6,45.2,107,0.23,,63-72,0xe0000,results/pi4-headtohead-2026-10-06/C-tuned_20261006_191610.jsonl
Pi 4,original run,C,"Whisper + NLLB, Sunbird VITS (as shipped)",6,19.3,10.7,9.9,40.8,43.5,102,0.06,,58-70,0xe0000,results/pi4-headtohead-2026-10-06/C-final_20261006_194956.jsonl
Pi 4,"original run, hot CPU",D,"Whisper + NLLB, ONNX voice",6,20.6,11.7,7.1,40.8,47.4,83,0.06,,73-84,0xf0000 0xf0008,results/pi4-headtohead-2026-10-06/D-onnx-voice_20261007_113719.jsonl
Pi 4,matched rerun,A,"Gemma per tap, Sunbird VITS per tap",6,54.5,19.9,21.6,98.4,117.3,0,0.13,,60-70,0x80000,results/pi4-clean-2026-10-08/pi4clean-A_20261008_085946.jsonl
Pi 4,matched rerun,B,"Gemma loaded, Sunbird VITS worker",6,43.8,13.0,7.5,66.1,74.0,46,0.08,,72-78,0x80000,results/pi4-clean-2026-10-08/pi4clean-B_20261008_085044.jsonl
Pi 4,matched rerun,E,"Gemma loaded, ONNX voice",6,43.2,12.0,5.2,63.0,66.6,120,0.09,,68-80,0x0 0x80000,results/pi4-clean-2026-10-08/pi4clean-E_20261008_084126.jsonl
Pi 4,matched rerun,C,"Whisper + NLLB, Sunbird VITS",6,19.3,10.9,8.5,40.0,43.3,114,0.06,,65-73,0x80000,results/pi4-clean-2026-10-08/pi4clean-C_20261008_091024.jsonl
Pi 4,matched rerun,D,"Whisper + NLLB, ONNX voice",6,19.3,10.8,5.9,36.6,38.5,87,0.06,,56-69,0x0,results/pi4-clean-2026-10-08/pi4clean-D_20261008_083556.jsonl
Pi 4,matched rerun,C-beam1,"Whisper + NLLB (beam 1), Sunbird VITS",6,19.3,8.8,7.9,37.2,40.0,67,0.06,,64-72,0x80000,results/pi4-clean-2026-10-08/pi4clean-C-beam1_20261008_092257.jsonl
Pi 4,matched rerun,D-beam1,"Whisper + NLLB (beam 1), ONNX voice",6,19.2,8.8,5.3,33.4,36.8,86,0.06,,66-75,0x80000,results/pi4-clean-2026-10-08/pi4clean-D-beam1_20261008_091722.jsonl
Pi 5,"5 V/5 A, active cooler",A,"Gemma per tap, Sunbird VITS per tap",6,27.5,10.7,12.8,51.7,62.0,0,0.19,,55-60,0x0,results/pi5-clean-2026-10-08/pi5clean-A_20261008_080547.jsonl
Pi 5,"5 V/5 A, active cooler",B,"Gemma loaded, Sunbird VITS worker",6,7.1,2.7,2.6,12.3,15.3,44,0.29,6644,59-69,0x0,results/pi5-clean-2026-10-08/pi5clean-B_20261008_080322.jsonl
Pi 5,"5 V/5 A, active cooler",E,"Gemma loaded, ONNX voice",6,7.4,3.0,1.7,12.9,13.3,68,0.09,6078,62-71,0x0,results/pi5-clean-2026-10-08/pi5clean-E_20261008_080037.jsonl
Pi 5,"5 V/5 A, active cooler",C,"Whisper + NLLB, Sunbird VITS",6,9.0,7.4,3.2,20.1,21.1,64,0.06,4363,58-65,0x0,results/pi5-clean-2026-10-08/pi5clean-C_20261008_081112.jsonl
Pi 5,"5 V/5 A, active cooler",D,"Whisper + NLLB, ONNX voice",6,8.8,6.6,1.8,17.5,18.4,46,0.06,3696,56-67,0x0,results/pi5-clean-2026-10-08/pi5clean-D_20261008_075753.jsonl
Pi 5,"5 V/5 A, active cooler",C-beam1,"Whisper + NLLB (beam 1), Sunbird VITS",6,10.4,6.5,2.8,20.0,21.1,62,0.06,,58-65,0x0,results/pi5-clean-2026-10-08/pi5clean-C-beam1_20261008_081720.jsonl
Pi 5,"5 V/5 A, active cooler",D-beam1,"Whisper + NLLB (beam 1), ONNX voice",6,9.4,6.0,2.0,17.4,18.8,41,0.06,,61-67,0x0,results/pi5-clean-2026-10-08/pi5clean-D-beam1_20261008_081433.jsonl
Pi 5,"5 V/3 A, no fan (throttled)",A,"Gemma per tap, Sunbird VITS per tap",6,27.0,15.2,11.2,53.7,69.0,0,0.06,,59-83,0xf0000 0xf0008,results/pi5-2026-10-08/pi5-A_20261007_231229.jsonl
Pi 5,"5 V/3 A, no fan (throttled)",B,"Gemma loaded, Sunbird VITS worker",6,10.2,3.5,3.4,18.0,20.2,56,0.16,,80-85,0xf0006 0xf0008,results/pi5-2026-10-08/pi5-B_20261007_230704.jsonl
Pi 5,"5 V/3 A, no fan (throttled)",E,"Gemma loaded, ONNX voice",6,10.2,3.9,2.3,17.3,18.0,40,0.11,,80-86,0xf0006 0xf0008,results/pi5-2026-10-08/pi5-E_20261007_230412.jsonl
Pi 5,"5 V/3 A, no fan (throttled)",D,"Whisper + NLLB, ONNX voice",6,9.6,7.0,2.2,19.3,20.8,4,0.06,,73-86,0x50000 0xf0006 0xf0008,results/pi5-2026-10-08/pi5-D_20261007_220828.jsonl
